{"sections":{"main":{"type":"collection-template","blocks":{"466a63e8-570e-4f8c-b75c-7de3879ab8ab":{"type":"search","settings":{"widget_title":"Search","search_button_title":"search"}},"a4651e2b-7f1b-46e5-8556-27d04a328b96":{"type":"menu","settings":{"widget_title":"Custom Menu","menu_handle":"main-menu"}},"7c48d23d-da83-4d10-ab57-e11ead6ecf89":{"type":"category","settings":{"widget_title":"Categories","categories_list_limit_hanlde":5}},"40aa8cb7-5d75-45e3-a590-9b50f00f366f":{"type":"vendor","settings":{"widget_title":"Vendors","vendors_list_limit_hanlde":5}},"d1fecea4-baae-4180-a90e-a70cc0c22241":{"type":"type","settings":{"widget_title":"Products Types","types_list_limit_hanlde":5}},"cb857d9e-dc57-4800-bdbf-b410b4d7ead4":{"type":"color","settings":{"widget_title":"Color","color_picker":"red, green, blue, yellow, white, gold, gray, magenta, maroon, navy, purple, violet, black, pink, orange, silver","colors_list_limit_hanlde":5}},"3c6b139d-9c42-4404-9ef6-6a1a8b54ff8f":{"type":"size","settings":{"widget_title":"Size","size_picker":"xl, xs, ml, X, M, L","size_list_limit_hanlde":5}},"2f689037-c7a0-4120-a3f5-2f1877302a31":{"type":"tag","settings":{"widget_title":"Tags","tags_list_limit_hanlde":5}},"db4f1a6a-42b6-41cb-b020-6b3c92e45ad4":{"type":"section_padding","settings":{"section_padding_top":80,"section_padding_bottom":80,"section_padding_top_md":80,"section_padding_bottom_md":80,"section_padding_top_xs":60,"section_padding_bottom_xs":60}}},"block_order":["466a63e8-570e-4f8c-b75c-7de3879ab8ab","a4651e2b-7f1b-46e5-8556-27d04a328b96","7c48d23d-da83-4d10-ab57-e11ead6ecf89","40aa8cb7-5d75-45e3-a590-9b50f00f366f","d1fecea4-baae-4180-a90e-a70cc0c22241","cb857d9e-dc57-4800-bdbf-b410b4d7ead4","3c6b139d-9c42-4404-9ef6-6a1a8b54ff8f","2f689037-c7a0-4120-a3f5-2f1877302a31","db4f1a6a-42b6-41cb-b020-6b3c92e45ad4"],"settings":{"product_column":"4","products_limit_handle":"15","tab_bar_enable":true,"showing_product_counter_enable":true,"showing_title_handle":"Showing | of | result","short_by_enable":true,"sidebar_handle":"left_sidebar_handle"}}},"order":["main"]}