{"sections":{"main":{"type":"collection-list-template","blocks":{"d1c179d9-8144-4a50-8a78-1b6cf7b1ba43":{"type":"search","settings":{"widget_title":"Search","search_button_title":"search"}},"d2c4e0ff-ffe9-4ce2-92df-7150f525c657":{"type":"menu","settings":{"widget_title":"Custom Menu","menu_handle":"main-menu"}},"bde148fc-c0da-4814-b05c-78169fb6b8be":{"type":"category","settings":{"widget_title":"Categories","categories_list_limit_hanlde":5}},"4788f51b-bb5e-42d5-a494-832215feb4e8":{"type":"vendor","settings":{"widget_title":"Vendors","vendors_list_limit_hanlde":5}},"45088333-6fae-43db-aba7-d8f59daefd86":{"type":"type","settings":{"widget_title":"Products Types","types_list_limit_hanlde":5}},"7d1bcb02-3cc6-4a2f-a2eb-9f4b89099b86":{"type":"color","settings":{"widget_title":"Color","color_picker":"red, green, blue, yellow, white, gold, gray, magenta, maroon, navy, purple, violet, black, pink, orange, silver","colors_list_limit_hanlde":5}},"386d8b41-b12c-4521-b8bf-1a590ff3ebcf":{"type":"size","settings":{"widget_title":"Size","size_picker":"xl, xs, ml, X, M, L","size_list_limit_hanlde":5}},"e2e2d59c-e542-4a86-8a76-acf9a56d794d":{"type":"tag","settings":{"widget_title":"Tags","tags_list_limit_hanlde":5}},"7a440a1c-5c96-473f-b96b-adf18203681a":{"type":"section_padding","settings":{"section_padding_top":80,"section_padding_bottom":80,"section_padding_top_md":80,"section_padding_bottom_md":80,"section_padding_top_xs":60,"section_padding_bottom_xs":60}}},"block_order":["d1c179d9-8144-4a50-8a78-1b6cf7b1ba43","d2c4e0ff-ffe9-4ce2-92df-7150f525c657","bde148fc-c0da-4814-b05c-78169fb6b8be","4788f51b-bb5e-42d5-a494-832215feb4e8","45088333-6fae-43db-aba7-d8f59daefd86","7d1bcb02-3cc6-4a2f-a2eb-9f4b89099b86","386d8b41-b12c-4521-b8bf-1a590ff3ebcf","e2e2d59c-e542-4a86-8a76-acf9a56d794d","7a440a1c-5c96-473f-b96b-adf18203681a"],"settings":{"products_limit_handle":"6","tab_bar_enable":true,"showing_product_counter_enable":true,"showing_title_handle":"Showing | of | result","short_by_enable":true,"sidebar_handle":"left_sidebar_handle"}}},"order":["main"]}