{"sections":{"main":{"type":"about-template","blocks":{"6ab844a3-4839-45e7-be19-c6ad956075e0":{"type":"section_padding","settings":{"section_padding_top":80,"section_padding_bottom":80,"section_padding_top_md":80,"section_padding_bottom_md":80,"section_padding_top_xs":60,"section_padding_bottom_xs":60}}},"block_order":["6ab844a3-4839-45e7-be19-c6ad956075e0"],"settings":{"sidebar_handle":"left_sidebar_handle","about_main_enable":true,"text_style":"text_style_left","about_title":"ABOUT OUR MISSION","about_description":"Rian must explain to you how all this mistaken idea of denouncing pleasure and praising pain was born and I will give you a complete account of the system, and expound the actual teachings of the great explorer of the truth, the master-builder of human happiness. No one rejects, dislikes, or avoids pleasure","about_description_2":"Nemo enim ipsam voluptatem quia voluptas sit aspernatur aut odit aut fugit, sed quia sequuntur magni dolores eos qui ratione em","about_button_title":"Read more","about_button_url":"","skill_title_1":"UI & UX DESIGN","skill_number_1":"85%","skill_title_2":"WEB DESIGN","skill_number_2":"70%","skill_title_3":"APPS DESIGN","skill_number_3":"75%","skill_title_4":"SKETCH DESIGN","skill_number_4":"68%"}},"our-team":{"type":"our-team","blocks":{"a6339efd-4633-4e6b-a3d0-b0213977268f":{"type":"team","settings":{"team_coloum":"3","team_image":"shopify:\/\/shop_images\/1.jpg","team_image_url":"#","member_title":"Marcos Alonso","member_position":"web designer","social_icon_1_name":"facebook","socila_icon_1_link":"#","social_icon_2_name":"twitter","socila_icon_2_link":"#","social_icon_3_name":"google-plus","socila_icon_3_link":"#"}},"ae3030ab-7ea5-492f-a960-3abf2b6347ab":{"type":"team","settings":{"team_coloum":"3","team_image":"shopify:\/\/shop_images\/2_0077da32-8d28-4261-b5bc-f09c6e68801f.jpg","team_image_url":"#","member_title":"Luis Aragones","member_position":"web developer","social_icon_1_name":"facebook","socila_icon_1_link":"#","social_icon_2_name":"twitter","socila_icon_2_link":"#","social_icon_3_name":"google-plus","socila_icon_3_link":"#"}},"030791f4-2236-47be-9e96-dd7d301f5fbc":{"type":"team","settings":{"team_coloum":"3","team_image":"shopify:\/\/shop_images\/3.jpg","team_image_url":"#","member_title":"Maria Alessis","member_position":"Graphic Designer","social_icon_1_name":"facebook","socila_icon_1_link":"#","social_icon_2_name":"twitter","socila_icon_2_link":"#","social_icon_3_name":"google-plus","socila_icon_3_link":"#"}},"b6241fa3-7264-423f-bb6e-1c1564db4bad":{"type":"team","settings":{"team_coloum":"3","team_image":"shopify:\/\/shop_images\/4.jpg","team_image_url":"#","member_title":"John Doe","member_position":"php developer","social_icon_1_name":"facebook","socila_icon_1_link":"#","social_icon_2_name":"twitter","socila_icon_2_link":"#","social_icon_3_name":"google-plus","socila_icon_3_link":"#"}},"a5bb3255-8157-40cb-b4d7-61e300b32457":{"type":"section_padding","settings":{"section_padding_top":80,"section_padding_bottom":80,"section_padding_top_md":80,"section_padding_bottom_md":80,"section_padding_top_xs":60,"section_padding_bottom_xs":60}},"7c9767e7-b0a4-426b-b56f-88913a729b2e":{"type":"section_background","settings":{"section_bg_color":"#f7f8f9"}}},"block_order":["a6339efd-4633-4e6b-a3d0-b0213977268f","ae3030ab-7ea5-492f-a960-3abf2b6347ab","030791f4-2236-47be-9e96-dd7d301f5fbc","b6241fa3-7264-423f-bb6e-1c1564db4bad","a5bb3255-8157-40cb-b4d7-61e300b32457","7c9767e7-b0a4-426b-b56f-88913a729b2e"],"settings":{"team_enable":true,"text_style":"text_style_left","section_title":"OUR TEAM"}},"brand-area":{"type":"brand-area","blocks":{"8a1bc4e4-1db5-4df2-9094-f0346645fe61":{"type":"brand","settings":{"brand_image":"shopify:\/\/shop_images\/b1.jpg","brand_image_url":"#"}},"bd4eb992-03f4-4d63-83ab-7e46d239ac4f":{"type":"brand","settings":{"brand_image":"shopify:\/\/shop_images\/b2_26b4f1ea-a010-474d-9c34-a18123b08d9f.jpg","brand_image_url":"#"}},"1eb63bf7-7039-4823-9e69-bc081c11cf5b":{"type":"brand","settings":{"brand_image":"shopify:\/\/shop_images\/b3_660b9cc2-bfb6-4170-9a29-80db34fe5279.jpg","brand_image_url":"#"}},"9ce5bea1-dccd-4649-9ee6-c4c8dd3a0763":{"type":"brand","settings":{"brand_image":"shopify:\/\/shop_images\/b4_eef10809-9fd2-4fea-be59-d0fc3de55bb3.jpg","brand_image_url":"#"}},"bf397110-9b5f-46af-a73c-523290cf0af8":{"type":"brand","settings":{"brand_image":"shopify:\/\/shop_images\/b5_7c50bf6d-934c-4969-a309-bfa9cd888c1f.jpg","brand_image_url":"#"}},"bc53b600-9bff-4a96-adf6-4deb8ba8c44a":{"type":"brand","settings":{"brand_image":"shopify:\/\/shop_images\/b1.jpg","brand_image_url":"#"}},"835f3d38-57c2-49fd-8119-dc990e292520":{"type":"section_padding","settings":{"section_padding_top":80,"section_padding_bottom":80,"section_padding_top_md":80,"section_padding_bottom_md":80,"section_padding_top_xs":60,"section_padding_bottom_xs":60}}},"block_order":["8a1bc4e4-1db5-4df2-9094-f0346645fe61","bd4eb992-03f4-4d63-83ab-7e46d239ac4f","1eb63bf7-7039-4823-9e69-bc081c11cf5b","9ce5bea1-dccd-4649-9ee6-c4c8dd3a0763","bf397110-9b5f-46af-a73c-523290cf0af8","bc53b600-9bff-4a96-adf6-4deb8ba8c44a","835f3d38-57c2-49fd-8119-dc990e292520"],"settings":{"brand_enable":true,"brand_limit_handle":"5"}}},"order":["main","our-team","brand-area"]}