{"sections":{"main":{"type":"product-template","blocks":{"234f39ef-eff4-42e8-a5c4-72ed2da609f5":{"type":"title","settings":{}},"f6e39194-c7a9-4c95-b9e6-6561a853fdf8":{"type":"review","settings":{"review_handle":"shopify_review"}},"a8e33fb1-bcf4-4663-820b-2fd1a5de5677":{"type":"sku","settings":{"product_sku_title":"SKU:"}},"fe6b2233-a13e-4d1c-9ebd-6760d21c1e73":{"type":"price","settings":{}},"92612200-6959-4b19-a09b-aecfcc51b71b":{"type":"inventory","settings":{"availability_title":"Availability:","in_stock_title":"In stock","left_in_stock_title":"left in stock","out_of_stock_title":"Out of stock"}},"77d16027-6572-4cf9-bc41-b27e7960a57d":{"type":"description","settings":{"product_description_handle":"short_description","truncatewords_count_handle":35}},"50661c71-f952-4c9b-b064-d30334598244":{"type":"countdown","settings":{"countdown_heading":"<strong>Hurry up<\/strong>! offer ends in:"}},"f352d56d-a87e-4d5c-b9ba-68c0eb7239e9":{"type":"variants","settings":{"product_variant_handle":"product_variant_swatch_option","show_variant_image":true}},"0fd1c902-1cc7-45b1-9b4a-54d6baea43f7":{"type":"action_buttons","settings":{"quantity_title":"Quantity","dynamic_checkout_button_enable":true}},"bc67023f-6b5a-445f-9bfc-e1d636975e60":{"type":"tag","settings":{"tag_title":"Tag :","category_tag_limit_handle":"3"}},"098fd797-2986-4ffe-9180-055f6bf6b55f":{"type":"share_and_payment","settings":{"social_share_enable":true,"social_share_title":"Share:","payment_option_enable":true,"payment_information":"<p>Guaranteed safe checkout<\/p>","payment_icon":"custom_icon","amazon_payments":true,"american_express":false,"apple_pay":true,"bitcoin":true,"dankort":false,"diners_club":false,"discover":false,"dogecoin":false,"dwolla":false,"Forbrugsforeningen":false,"google_pay":true,"jcb":false,"klarna":false,"litecoin":false,"maestro":false,"master":false,"paypal":true,"shopify_pay":false,"sofort":false,"visa":true}},"eae6df11-214c-466a-b09c-bd4cb2ca80e7":{"type":"section_padding","settings":{"section_padding_top":80,"section_padding_bottom":80,"section_padding_top_md":80,"section_padding_bottom_md":80,"section_padding_top_xs":60,"section_padding_bottom_xs":60}}},"block_order":["234f39ef-eff4-42e8-a5c4-72ed2da609f5","f6e39194-c7a9-4c95-b9e6-6561a853fdf8","a8e33fb1-bcf4-4663-820b-2fd1a5de5677","fe6b2233-a13e-4d1c-9ebd-6760d21c1e73","92612200-6959-4b19-a09b-aecfcc51b71b","77d16027-6572-4cf9-bc41-b27e7960a57d","50661c71-f952-4c9b-b064-d30334598244","f352d56d-a87e-4d5c-b9ba-68c0eb7239e9","0fd1c902-1cc7-45b1-9b4a-54d6baea43f7","bc67023f-6b5a-445f-9bfc-e1d636975e60","098fd797-2986-4ffe-9180-055f6bf6b55f","eae6df11-214c-466a-b09c-bd4cb2ca80e7"],"settings":{"product_zoom_enable":true,"zoom_type":"inner","product_popup_enable":true,"product_cursole":"3","product_cursole_3":"3","product_cursole_4":"3"}},"single-product-tab":{"type":"single-product-tab","blocks":{"c3ec8d1d-c954-41b3-b89d-b83421c1b4be":{"type":"section_padding","settings":{"section_padding_top":0,"section_padding_bottom":80,"section_padding_top_md":0,"section_padding_bottom_md":80,"section_padding_top_xs":0,"section_padding_bottom_xs":60}}},"block_order":["c3ec8d1d-c954-41b3-b89d-b83421c1b4be"],"settings":{"product_tab_enable":true,"product_info_tab_title":"Description","product_review_tab_enable":true,"product_review_tab_title":"Reviews","product_video_title":"Video","product_comments_enable":true,"product_comments_title":"Comments","product_page_comments_box":"facebook_comment","facebook_comments_post_limit":"10","disqus_shortname":"demo-store"}},"related-product":{"type":"related-product","blocks":{"ea6097e6-c110-422b-90bc-fd746e78e5ba":{"type":"section_padding","settings":{"section_padding_top":0,"section_padding_bottom":80,"section_padding_top_md":0,"section_padding_bottom_md":80,"section_padding_top_xs":0,"section_padding_bottom_xs":60}}},"block_order":["ea6097e6-c110-422b-90bc-fd746e78e5ba"],"settings":{"related_products_enable":true,"text_style":"text_style_center","section_title":"Related Products","list_product_cursole":"4","related_product_limit_handle":"10"}},"custom-collection":{"type":"custom-collection","blocks":{"96f28f41-7e44-404f-91fd-50eec4d28e41":{"type":"section_padding","settings":{"section_padding_top":0,"section_padding_bottom":80,"section_padding_top_md":0,"section_padding_bottom_md":80,"section_padding_top_xs":0,"section_padding_bottom_xs":60}}},"block_order":["96f28f41-7e44-404f-91fd-50eec4d28e41"],"settings":{"custom_collection_enable":true,"text_style":"text_style_center","section_title":"Custom Products","featured_product_handle":"featured","featured_product_limit_handle":8,"list_product_cursole":"4"}}},"order":["main","single-product-tab","related-product","custom-collection"]}