{"sections":{"main":{"type":"article-template","blocks":{"cf88a1f4-1c17-40d1-8623-d00b81bfd663":{"type":"search","settings":{"wedget_title":"Search","search_button_title":"search"}},"aa78c2de-fbce-49e6-a864-f53f53327844":{"type":"menu","settings":{"menu_title":"Custom Menu","menu_handle":"main-menu"}},"f3b03dd9-175a-4cf4-84a8-6bcda0569ee7":{"type":"recent_post","settings":{"recent_post_title":"Recent Post","recent_post_limit_handle":3}},"41f45e4b-f0f1-4a18-b000-0bc2256db65b":{"type":"archive","settings":{"archive_title":"Archive"}},"8ee364e1-b9f6-403e-ba91-77b24afc13c3":{"type":"tag","settings":{"blog_tags_title":"Tags","blog_tags_list_limit_handle":5}},"ae826a72-ed60-4b15-9e20-fdb3ca48a920":{"type":"section_padding","settings":{"section_padding_top":80,"section_padding_bottom":80,"section_padding_top_md":80,"section_padding_bottom_md":80,"section_padding_top_xs":60,"section_padding_bottom_xs":60}}},"block_order":["cf88a1f4-1c17-40d1-8623-d00b81bfd663","aa78c2de-fbce-49e6-a864-f53f53327844","f3b03dd9-175a-4cf4-84a8-6bcda0569ee7","41f45e4b-f0f1-4a18-b000-0bc2256db65b","8ee364e1-b9f6-403e-ba91-77b24afc13c3","ae826a72-ed60-4b15-9e20-fdb3ca48a920"],"settings":{"author_section_title":"author","author_title":"Stuart Smith","author_description":"But I must explain to you how all this mistaken idea of denouncing sure and ising pain borand I will give you a complete account","comment_post_limit_handle":"2","sidebar_handle":"left_sidebar_handle"}}},"order":["main"]}