{"sections":{"main":{"type":"blog-template","blocks":{"ebe9f280-e958-4897-b926-655df65c8270":{"type":"search","settings":{"wedget_title":"Search","search_button_title":"search"}},"87187069-5397-420f-8965-8ab463da747b":{"type":"menu","settings":{"menu_title":"Custom Menu","menu_handle":"main-menu"}},"0750e0b9-c3c9-4762-bc02-9f7ece593180":{"type":"recent_post","settings":{"recent_post_title":"Recent Post","recent_post_limit_handle":3}},"0fbbef5f-cad7-429a-aff9-5fc0ddb06880":{"type":"archive","settings":{"archive_title":"Archive"}},"cb7f5e23-f6c6-4aac-9ca8-cfb941bc0204":{"type":"tag","settings":{"blog_tags_title":"Tags","blog_tags_list_limit_handle":5}},"cfda135b-c505-46eb-81b8-b6a01e32c81e":{"type":"section_padding","settings":{"section_padding_top":80,"section_padding_bottom":80,"section_padding_top_md":80,"section_padding_bottom_md":80,"section_padding_top_xs":60,"section_padding_bottom_xs":60}}},"block_order":["ebe9f280-e958-4897-b926-655df65c8270","87187069-5397-420f-8965-8ab463da747b","0750e0b9-c3c9-4762-bc02-9f7ece593180","0fbbef5f-cad7-429a-aff9-5fc0ddb06880","cb7f5e23-f6c6-4aac-9ca8-cfb941bc0204","cfda135b-c505-46eb-81b8-b6a01e32c81e"],"settings":{"text_style":"text_style_center","section_title":"Latest Blog Posts","blog_column":"6","blog_limit_handle":"6","sidebar_handle":"left_sidebar_handle"}}},"order":["main"]}