{"sections":{"main":{"type":"cart-template","blocks":{"4969f803-dfed-4db6-b30a-f4c08b104f15":{"type":"section_padding","settings":{"section_padding_top":80,"section_padding_bottom":80,"section_padding_top_md":80,"section_padding_bottom_md":80,"section_padding_top_xs":60,"section_padding_bottom_xs":60}}},"block_order":["4969f803-dfed-4db6-b30a-f4c08b104f15"],"settings":{"table_image_title":"Image","table_product_title":"Product","table_price_title":"Price","table_quantity_title":"Quantity","table_total_title":"Total","table_reomove_title":"Remove","update_button_title":"Update Cart","continue_shopping_title":"Continue Shopping","cart_vendor_enable":false,"cart_total_heading_title":"Cart Totals","cart_subtotal_title":"Subtotal","cart_total_title":"Total","checkout_button_title":"Proceed to Checkout","shopping_cart_title":"Shopping Cart","cart_empty_title":"Your cart is currently empty.","cart_continue_title":"Continue browsing","here_title":"here"}}},"order":["main"]}