{"sections":{"main":{"type":"contact-template","blocks":{"5a7715b6-a11e-4fb3-a9cd-13e64bdd981b":{"type":"section_padding","settings":{"section_padding_top":80,"section_padding_bottom":80,"section_padding_top_md":80,"section_padding_bottom_md":80,"section_padding_top_xs":60,"section_padding_bottom_xs":60}}},"block_order":["5a7715b6-a11e-4fb3-a9cd-13e64bdd981b"],"settings":{"contact_map_enable":true,"api_key":"AIzaSyDAq7MrCR1A2qIShmjbtLHSKjcEIEBEEwM","latlong":"23.761226, 90.420766","contact_form_enable":true,"text_style":"text_style_left","section_title":"Contact us","name_placeholder":"Name","email_placeholder":"Email","subject_placeholder":"Subject","message_placeholder":"Message","button_title":"Submit"}}},"order":["main"]}