[{"name":"theme_info","logo":"https:\/\/cdn.shopify.com\/s\/files\/1\/0037\/2680\/3011\/files\/logo_300x300.png?v=1535946567","settings":[{"type":"header","content":"Ponno"},{"type":"paragraph","content":"v2.0.1"},{"type":"paragraph","content":"If you have any questions, please do not hesitate to use our support forum. [Create Support](https:\/\/devitems.com\/support-center\/)"}]},{"name":"RTL","settings":[{"type":"checkbox","id":"rtl_enable","label":"Enable RTL","default":false}]},{"name":"Colors","settings":[{"type":"header","content":"Theme colors"},{"type":"color","id":"color_primary","label":"Color","default":"#0438a1","info":"Used for text links, and primary buttons"}]},{"name":"Typography","settings":[{"type":"checkbox","id":"typography_enable","label":"Typography Enable","default":true},{"type":"font_picker","label":"Body font","id":"body_font_handle","default":"raleway_n4"},{"type":"font_picker","label":"Heading font","id":"header_font_handle","default":"helvetica_n4"},{"type":"font_picker","label":"Paragraph font","id":"paragraph_font_handle","default":"raleway_n4"}]},{"name":"Google Analytics","settings":[{"type":"header","content":"Google Analytics"},{"type":"checkbox","id":"google_analytic_enable","label":"Enable Google Analytics","default":false},{"type":"text","id":"google_tracking_id","label":"Tracking Id","default":"UA-91020528-1","info":"Get Tracking Id [here](https:\/\/analytics.google.com\/)"}]},{"name":"Notification Bar","settings":[{"type":"checkbox","id":"topbar_notification_enable","label":"Show Notification Bar in Top","default":false},{"type":"textarea","id":"notification_text","label":"Notification Text","default":"All Featured Product 50% off"},{"type":"text","id":"notification_button_name","label":"Button Name","default":"Buy Now"},{"type":"url","id":"notification_button_url","label":"URL"},{"type":"image_picker","id":"notification_bg_image","label":"BG Image"},{"type":"color","id":"notification_text_color","label":"Notification Text Color","default":"#fff"},{"type":"color","id":"topbar_color_1","label":"BG Grdian Color One","default":"#f3f3f3"},{"type":"color","id":"topbar_color_2","label":"BG Grdian Color Two","default":"#666666"},{"type":"color","id":"notification_overlay_color","label":"Overlay Color","default":"#000000"},{"type":"range","id":"notification_overlay_opacity","min":0,"max":1,"step":0.1,"label":"Overlay Color Opacity","default":0.6},{"type":"header","content":"Shop Button"},{"type":"color","id":"notificaction_button_bg_color","label":"BG Color","default":"#666666"},{"type":"color","id":"notificaction_button_border_color","label":"Border Color","default":"#666666"},{"type":"color","id":"notificaction_button_color","label":"Text Color","default":"#ffffff"},{"type":"color","id":"notificaction_button_hover_bg_color","label":"Hover BG Color","default":"#999"},{"type":"color","id":"notificaction_button_hover_border_color","label":"Hover Border Color","default":"#999"},{"type":"color","id":"notificaction_button_hover_color","label":"Hover Text Color","default":"#fff"},{"type":"header","content":"Close Button"},{"type":"color","id":"notificaction_close_button_bg_color","label":"BG Color"},{"type":"color","id":"notificaction_close_button_border_color","label":"Border Color","default":"#fff"},{"type":"color","id":"notificaction_close_button_color","label":"Color","default":"#fff"},{"type":"color","id":"notificaction_close_button_hover_bg_color","label":"Hover BG Color","default":"#fff"},{"type":"color","id":"notificaction_close_button_hover_border_color","label":"Hover Border Color","default":"#fff"},{"type":"color","id":"notificaction_close_button_hover_color","label":"Hover Color","default":"#232323"}]},{"name":"Preloader","settings":[{"type":"header","content":"Preloader Settings"},{"type":"checkbox","id":"enable_preloader","label":"Preloader Enable","default":false},{"type":"select","id":"preloader_style","label":"Preloader Style","options":[{"value":"Style_1","label":"Style 1"},{"value":"Style_2","label":"Style 2"},{"value":"Style_3","label":"Style 3"},{"value":"Style_4","label":"Style 4"},{"value":"Style_5","label":"Style 5"},{"value":"Style_6","label":"Style 6"},{"value":"Style_7","label":"Style 7"},{"value":"Style_8","label":"Style 8"},{"value":"Style_9","label":"Style 9"},{"value":"Style_10","label":"Style 10"},{"value":"Style_11","label":"Style 11"},{"value":"Style_12","label":"Style 12"},{"value":"Style_13","label":"Style 13"},{"value":"Style_14","label":"Style 14"},{"value":"Style_15","label":"Style 15"},{"value":"Style_16","label":"Style 16"},{"value":"Style_17","label":"Style 17"},{"value":"Style_18","label":"Style 18"},{"value":"Style_19","label":"Style 19"}],"default":"Style_15"},{"type":"color","id":"preloader_bg","label":"Preloader Background","default":"#ffffff"},{"type":"color","id":"preloader_color","label":"Effect Color","default":"#FF7F00"},{"type":"paragraph","content":"Border color and border width need to be ( Style 3, Style 4, Style 17, Style 18, Style 20 )"},{"type":"paragraph","content":"When you would use border color when Effect color to be transparent"},{"type":"color","id":"preloader_border_color","label":"Border Color","default":"#ffffff"},{"type":"text","id":"preloader_border_width","label":"Border Width","default":"4px"}]},{"name":"General Settings","settings":[{"type":"header","content":"Favicon"},{"type":"image_picker","id":"favicon","label":"Favicon Image","info":"Will be scaled down to 32 x 32px"},{"type":"header","content":"Recommended Info","info":"---------"},{"type":"checkbox","id":"recommended","label":"Recommended Info Enable ?","default":true,"info":"You can Enable\/Dsiable Recommended Info from the settings"}]},{"name":"Currency","settings":[{"type":"checkbox","id":"currency_enable","label":"Show Currency"},{"type":"paragraph","content":"To offer multiple currencies on your online store, you must first [edit your store's currency formatting](https:\/\/help.shopify.com\/manual\/using-themes\/troubleshooting\/help-script-find-money-formats)."},{"type":"paragraph","content":"Use the Country's ISO [Currency Code](http:\/\/www.xe.com\/iso4217.php)."},{"type":"textarea","id":"supported_currencies","label":"Supported currencies","default":"USD, USD - US Dollar | EUR, EUR - Euro | GBP, GBP - British Pound","info":"Ex: USD, USD - US Dollar | EUR, EUR - Euro | GBP, GBP - British Pound | INR, INR - Indian Rupee"}]},{"name":"Newsletter","settings":[{"type":"header","content":"Newsletter"},{"type":"radio","id":"newsletter_system","label":"Newsletter Accept","options":[{"label":"Shopify Form","value":"by_shopify_form"},{"label":"MailChimp","value":"by_mailchimp"}],"default":"by_shopify_form"},{"type":"textarea","id":"newsletter_action","label":"MailChimp form action URL","info":"If you select 'Shopify Form' then no need put MailChimp URL"},{"type":"text","id":"email_placeholder","label":"Email Placeholer","default":"Your email address"},{"type":"text","id":"button_name","label":"Button Name","default":"Subscribe"},{"type":"header","content":"Newsletter Popup"},{"type":"checkbox","id":"newsletter_popup_enable","label":"Newsletter Popup Enable","default":false},{"type":"checkbox","id":"one_day_popup_enable","label":"Show Popup one time for per day","default":true},{"type":"radio","id":"newsletter_style_handle","label":"Newsletter Style","options":[{"label":"Style 1","value":"newsletter_style_1"},{"label":"style 2","value":"newsletter_style_2"}],"default":"newsletter_style_1"},{"type":"image_picker","id":"newsletter_bg_img","label":"Newsletter BG Image"},{"type":"text","id":"newletter_popup_title","label":"Newsletter Popup Title","default":"Newsletter"},{"type":"textarea","id":"newsletter_text","label":"Newsletter Description","default":"Join over 1,000 people who get free and fresh content delivered automatically each time we publish"},{"type":"text","id":"newsletter_button_name","label":"Newsletter Popup Button Name","default":"Subscribe"},{"type":"checkbox","id":"dont_show_again_enable","label":"Show 'Dont Show again' field","default":true},{"type":"text","id":"dont_show_again_text","label":"Dont Show Title","default":"Don't show this again"},{"type":"header","content":"Color"},{"type":"color","id":"newsletter_overlay_color","label":"Overlay Color","default":"#000"},{"type":"range","id":"newsletter_overlay_opacicty","min":0,"max":1,"step":0.1,"label":"Overlay Color Opacity","default":0.6},{"type":"color","id":"popup_newsletter_title_color","label":"Title Color","default":"#434343"},{"type":"color","id":"popup_newsletter_description_color","label":"Description Color","default":"#999"},{"type":"color","id":"input_field_color","label":"Input Field\/Text Color","default":"#ddd"},{"type":"color","id":"newsletter_button_bg_color","label":"Button BG Color","default":"#000000"},{"type":"color","id":"newsletter_button_color","label":"Button Color","default":"#fff"},{"type":"color","id":"newsletter_button_hover_bg_color","label":"Button Hover BG Color","default":"#666666"},{"type":"color","id":"newsletter_button_hover_color","label":"Button Hover Color","default":"#fff"},{"type":"color","id":"dont_show_title_color","label":"Dont Show Title Color","default":"#000"},{"type":"color","id":"close_icon_color","label":"Close Icon Color","default":"#FF0000"}]},{"name":"Product Badge","settings":[{"type":"text","id":"new_title","label":"New Title","default":"New"},{"type":"text","id":"sale_title","label":"Sale Title","default":"Sale"},{"type":"text","id":"soldout_title","label":"Soldout Title","default":"Soldout"},{"type":"checkbox","id":"sale_percent_enable","label":"Show Sale Percent","default":true},{"type":"paragraph","content":"New Badge comes from shortcode - Ex: [new_products]30[\/new_products]"}]},{"name":"Product Template","settings":[{"type":"header","content":"Action Button"},{"type":"text","id":"cart_button_title","label":"Cart Button Title","default":"Add to cart"},{"type":"text","id":"affiliate_cart_button_title","label":"Affiliate Cart Button Title","default":"Buy from amazon"},{"type":"text","id":"soldout_button_title","label":"SoldOut Button Title","default":"Soldout","info":"When product out of stock then show this title"}]},{"name":"Popup Cart","settings":[{"type":"text","id":"successfull_note","label":"Successfull Note","default":"Added to cart successfully!"},{"type":"text","id":"view_cart_button2","label":"Cart Button","default":"View Cart"}]},{"name":"Product Quickview","settings":[{"type":"checkbox","id":"product_quickview_enalbe","label":"Show Product Quickview","default":true},{"type":"text","id":"qcv_add_to_cart_text","label":"Add to cart title","default":"Add to cart"},{"type":"text","id":"qcv_cart_added_text","label":"Added title","default":"Added"},{"type":"text","id":"qcv_cart_error_text","label":"Error title","default":"Limit Products"},{"type":"text","id":"qcv_cart_wait_text","label":"Wait title","default":"Wait.."}]},{"name":"Breadcrumb Banner","settings":[{"type":"checkbox","id":"breadcrumb_banner_enable","label":"Show Breadcrumb Banner","default":true},{"type":"header","content":"Section Padding"},{"type":"text","id":"section_padding_top","label":"Section Padding Top","default":"20","info":"Defined in pixels. Do not add the 'px' unit."},{"type":"text","id":"section_padding_bottom","label":"Section Padding Bottom","default":"20","info":"Defined in pixels. Do not add the 'px' unit."},{"type":"radio","id":"text_style","label":"Text Style","options":[{"value":"text_style_left","label":"Left"},{"value":"text_style_center","label":"center"},{"value":"text_style_right","label":"right"}],"default":"text_style_left"},{"type":"image_picker","id":"breadcrumb_banner_image","label":"Breadcrumb Banner Image","info":"Default Image Size: 1920px X 300px"},{"type":"color","id":"breadcrumb_banner_bg","label":"Banner Banner BG Color","default":"#f6f6f6"},{"type":"color","id":"breadcrumb_banner_overlay_color","label":"Banner Overlay Color","default":"#f6f6f6"},{"type":"range","id":"breadcrumb_banner_opacity","min":0,"max":1,"step":0.1,"label":"Banner Overlay Color Opacity","default":0.6},{"type":"color","id":"breadcurmb_title_color","label":"Breadcrumb Title Color","default":"#666666"},{"type":"color","id":"breadcurmb_page_title_color","label":"Breadcrumb Page Title Color","default":"#666666"},{"type":"color","id":"active_breadcurmb_page_title_color","label":"Active Breadcrumb Page Title Color","default":"#999999"}]},{"name":"Collection Sidebar","settings":[{"type":"header","content":"Categories"},{"type":"text","id":"categories_title","label":"Categories Title","default":"Categories"},{"type":"text","id":"categories_list_limit_hanlde","label":"Show Category Limit","default":"5"},{"type":"header","content":"Vendors"},{"type":"text","id":"vendors_title","label":"Vendors Title","default":"Vendors"},{"type":"text","id":"vendors_list_limit_hanlde","label":"Show Verdor Limit","default":"5"},{"type":"header","content":"Types"},{"type":"text","id":"types_title","label":"Types Title","default":"Products Types"},{"type":"text","id":"types_list_limit_hanlde","label":"Show Type Limit","default":"5"},{"type":"header","content":"Color"},{"type":"text","id":"color_title","label":"Color Title","default":"Color"},{"type":"textarea","id":"color_picker","label":"Put your color name","default":"red, green, blue, white, yellow, violet, brown, black, orange, grey, pink, purple, maroon, silver, fuchsia, navy, aqua, lime, teal, magenta","info":"Ex: red, green, blue [More Color Name](https:\/\/www.w3schools.com\/colors\/colors_names.asp)"},{"type":"text","id":"colors_list_limit_hanlde","label":"Show Color Limit","default":"5"},{"type":"header","content":"Size"},{"type":"text","id":"size_title","label":"Size Title","default":"Size"},{"type":"textarea","id":"size_picker","label":"Put your size name","default":"xl, xs, ml, X, M, L","info":"Ex: xl, xs, ml"},{"type":"text","id":"size_list_limit_hanlde","label":"Show Size Limit","default":"5"},{"type":"header","content":"Tags"},{"type":"text","id":"tags_title","label":"Tags Title","default":"Tags"},{"type":"text","id":"tags_list_limit_hanlde","label":"Show Tag Limit","default":"15"}]},{"name":"Blog\/Article Sidebar","settings":[{"type":"header","content":"Search"},{"type":"text","id":"search_title","label":"Search Title","default":"Search"},{"type":"header","content":"Recent Posts"},{"type":"text","id":"recent_post_title","label":"Recent Post Title","default":"Recent Post"},{"type":"text","id":"recent_post_limit_handle","label":"How Many Post Show","default":"3"},{"type":"header","content":"Archive"},{"type":"text","id":"archive_title","label":"Archive Title","default":"Archive"},{"type":"header","content":"Tags"},{"type":"text","id":"blog_tags_title","label":"Tags Title","default":"Tags"},{"type":"text","id":"blog_tags_list_limit_handle","label":"How Many Tags Show","default":"15"}]},{"name":"Social Media","settings":[{"type":"header","content":"Icon With Link"},{"type":"text","id":"h_social_icon_1_name","label":"Social Icon Name (Header)","default":"twitter","info":"Material Design Icon [See Icon](http:\/\/zavoloklom.github.io\/material-design-iconic-font\/icons.html#social)"},{"type":"text","id":"social_icon_1_name","label":"Social Icon Name (Footer)","default":"twitter","info":"Simple Line Icons [See Icon](http:\/\/simplelineicons.com\/)"},{"type":"url","id":"social_icon_1_link","label":"Link"},{"type":"header","content":"Icon With Link"},{"type":"text","id":"h_social_icon_2_name","label":"Social Icon Name (Header)","default":"instagram","info":"Material Design Icon [See Icon](http:\/\/zavoloklom.github.io\/material-design-iconic-font\/icons.html#social)"},{"type":"text","id":"social_icon_2_name","label":"Social Icon Name (Footer)","default":"instagram","info":"Simple Line Icons [See Icon](http:\/\/simplelineicons.com\/)"},{"type":"url","id":"social_icon_2_link","label":"Link"},{"type":"header","content":"Icon With Link"},{"type":"text","id":"h_social_icon_3_name","label":"Social Icon Name (Header)","default":"google-plus","info":"Material Design Icon [See Icon](http:\/\/zavoloklom.github.io\/material-design-iconic-font\/icons.html#social)"},{"type":"text","id":"social_icon_3_name","label":"Social Icon Name (Footer)","default":"google","info":"Simple Line Icons [See Icon](http:\/\/simplelineicons.com\/)"},{"type":"url","id":"social_icon_3_link","label":"Link"},{"type":"header","content":"Icon With Link"},{"type":"text","id":"h_social_icon_4_name","label":"Social Icon Name (Header)","default":"linkedin","info":"Material Design Icon [See Icon](http:\/\/zavoloklom.github.io\/material-design-iconic-font\/icons.html#social)"},{"type":"text","id":"social_icon_4_name","label":"Social Icon Name (Footer)","default":"linkedin","info":"Simple Line Icons [See Icon](http:\/\/simplelineicons.com\/)"},{"type":"url","id":"social_icon_4_link","label":"Link"},{"type":"header","content":"Icon With Link"},{"type":"text","id":"h_social_icon_5_name","label":"Social Icon Name (Header)","default":"pinterest","info":"Material Design Icon [See Icon](http:\/\/zavoloklom.github.io\/material-design-iconic-font\/icons.html#social)"},{"type":"text","id":"social_icon_5_name","label":"Social Icon Name (Footer)","default":"pinterest","info":"Simple Line Icons [See Icon](http:\/\/simplelineicons.com\/)"},{"type":"url","id":"social_icon_5_link","label":"Link"},{"type":"header","content":"Icon With Link"},{"type":"text","id":"h_social_icon_6_name","label":"Social Icon Name (Header)","info":"Material Design Icon [See Icon](http:\/\/zavoloklom.github.io\/material-design-iconic-font\/icons.html#social)"},{"type":"text","id":"social_icon_6_name","label":"Social Icon Name (Footer)","info":"Simple Line Icons [See Icon](http:\/\/simplelineicons.com\/)"},{"type":"url","id":"social_icon_6_link","label":"Link"},{"type":"header","content":"Icon With Link"},{"type":"text","id":"h_social_icon_7_name","label":"Social Icon Name (Header)","info":"Material Design Icon [See Icon](http:\/\/zavoloklom.github.io\/material-design-iconic-font\/icons.html#social)"},{"type":"text","id":"social_icon_7_name","label":"Social Icon Name (Footer)","info":"Simple Line Icons [See Icon](http:\/\/simplelineicons.com\/)"},{"type":"url","id":"social_icon_7_link","label":"Link"}]},{"name":"Wishlist","settings":[{"type":"checkbox","id":"wishlist_enable","label":"Show Wishlist","default":true},{"type":"text","id":"add_wishlit_title","label":"Add Wishlist Title","default":"Add to wishlist"},{"type":"text","id":"remove_wishlit_title","label":"Remove Wishlist Title","default":"Remove From wishlist"},{"type":"text","id":"go_to_wishlit_title","label":"Go To Wishlist Title","default":"Go to wishlist"},{"type":"header","content":"Wishlist Page"},{"type":"paragraph","content":"If you want to create wishlist page then follow this URL - [Click Here](https:\/\/image.prntscr.com\/image\/ZEjtoJDoQwGoWloMSwt3kQ.jpeg)"},{"type":"text","id":"wishlist_empty_title","label":"Wishlist Empty Title","default":"Your wishlist is currently empty!"},{"type":"text","id":"login_request_title","label":"Login Request Title","default":"Please login your account"}]},{"name":"404 Page","settings":[{"type":"image_picker","id":"opps_404","label":"Image","info":"Recommended Size: 1000 X 350px"},{"type":"text","id":"heading_404","label":"Heading 404","default":"Ooops! Error 404"},{"type":"text","id":"sub_text_404","label":"Sub Text","default":"Sorry, But the page you are looking for does't exist!"},{"type":"text","id":"button_title","label":"Button Title","default":"Go to home page"},{"type":"url","id":"button_url","label":"Button URL","default":"\/"}]},{"name":"Ajax Search","settings":[{"type":"checkbox","id":"ajax_search_enable","label":"Show Ajax Search","default":true}]},{"name":"Customer Page","settings":[{"type":"header","content":"Login"},{"type":"text","id":"login_sub_text","label":"Instruction Text","default":"Please login using account detail bellow."},{"type":"header","content":"Register"},{"type":"text","id":"register_sub_text","label":"Instruction Text","default":"Please Register using account detail bellow."},{"type":"header","content":"My Account \/ Order"},{"type":"text","id":"customer_logout_title","label":"Logout Title","default":"Logout"}]},{"name":"Product Option","settings":[{"type":"header","content":"Checkout Button"},{"type":"text","id":"checkout_title","label":"Button Title","default":"Checkout"},{"type":"header","content":"Button Title"},{"type":"text","id":"add_to_cart_title","label":"Add To Cart Button Title","default":"Add To Cart"},{"type":"text","id":"wait_title","label":"Waiting Title","default":"Wait.."},{"type":"text","id":"added_title","label":"Added Title","default":"Added"},{"type":"text","id":"unavaiable_title","label":"Unavailable Title","default":"Unavailable"},{"type":"header","content":"Buy Button"},{"type":"text","id":"buy_button_title","label":"Button Title","default":"buy now","info":"buy now"}]},{"name":"Custom, Default and Customer Page","settings":[{"type":"text","id":"custom_page_margin_top","label":"Margin Top","default":"100","info":"Defined in pixels. Do not add the 'px' unit."},{"type":"text","id":"custom_page_margin_bottom","label":"Margin Bottom","default":"70","info":"Defined in pixels. Do not add the 'px' unit."},{"type":"text","id":"section_margin_top_xs","label":"Margin Top Mobile Device","default":"70","info":"Defined in pixels. Do not add the 'px' unit."},{"type":"text","id":"section_margin_bottom_xs","label":"Margin Bottom Mobile Device","default":"70","info":"Defined in pixels. Do not add the 'px' unit."}]}]